Trek 820 - 2016,Mountain Bikes
Ritchey Timberwolf Frameset - 2016,Mountain Bikes
Surly Wednesday Frameset - 2016,Mountain Bikes
Trek Fuel EX 8 29 - 2016,Mountain Bikes
Heller Shagamaw Frame - 2016,Mountain Bikes
Surly Ice Cream Truck Frameset - 2016,Mountain Bikes
Trek Slash 8 27.5 - 2016,Mountain Bikes
Trek Remedy 29 Carbon Frameset - 2016,Mountain Bikes
Trek Conduit+ - 2016,Electric Bikes
Surly Straggler - 2016,Cyclocross Bicycles
Surly Straggler 650b - 2016,Cyclocross Bicycles
Electra Townie Original 21D - 2016,Cruisers Bicycles
Electra Cruiser 1 (24-Inch) - 2016,Cruisers Bicycles
Electra Girl's Hawaii 1 (16-inch) - 2015/2016,Cruisers Bicycles
Electra Moto 1 - 2016,Cruisers Bicycles
Electra Townie Original 7D EQ - 2016,Cruisers Bicycles
Pure Cycles Vine 8-Speed - 2016,Cruisers Bicycles
Pure Cycles Western 3-Speed - Women's - 2015/2016,Cruisers Bicycles
Pure Cycles William 3-Speed - 2016,Cruisers Bicycles
Electra Townie Original 7D EQ - Women's - 2016,Cruisers Bicycles
Electra Cruiser 1 (24-Inch) - 2016,Children Bicycles
Electra Girl's Hawaii 1 (16-inch) - 2015/2016,Children Bicycles
Electra Girl's Hawaii 1 (20-inch) - 2015/2016,Children Bicycles
Electra Townie Original 21D - 2016,Comfort Bicycles
Electra Townie Original 7D - 2015/2016,Comfort Bicycles
Electra Townie Original 7D EQ - 2016,Comfort Bicycles
Surly Big Dummy Frameset - 2017,Mountain Bikes
Surly Karate Monkey 27.5+ Frameset - 2017,Mountain Bikes
Trek X-Caliber 8 - 2017,Mountain Bikes
Surly Ice Cream Truck Frameset - 2017,Mountain Bikes
Surly Wednesday - 2017,Mountain Bikes
Trek Farley Alloy Frameset - 2017,Mountain Bikes
Surly Wednesday Frameset - 2017,Mountain Bikes
Trek Session DH 27.5 Carbon Frameset - 2017,Mountain Bikes
Sun Bicycles Spider 3i - 2017,Mountain Bikes
Surly Troll Frameset - 2017,Mountain Bikes
Haro Flightline One ST - 2017,Mountain Bikes
Haro Flightline Two 26 Plus - 2017,Mountain Bikes
Trek Stache 5 - 2017,Mountain Bikes
Trek Fuel EX 9.8 29 - 2017,Mountain Bikes
Haro Shift R3 - 2017,Mountain Bikes
Trek Fuel EX 5 27.5 Plus - 2017,Mountain Bikes
Trek Fuel EX 9.8 27.5 Plus - 2017,Mountain Bikes
Haro SR 1.1 - 2017,Mountain Bikes
Haro SR 1.2 - 2017,Mountain Bikes
Haro SR 1.3 - 2017,Mountain Bikes
Trek Remedy 9.8 - 2017,Mountain Bikes
Trek Emonda S 4 - 2017,Road Bikes
Trek Domane SL 6 - 2017,Road Bikes
Trek Silque SLR 7 Women's - 2017,Road Bikes
Trek Silque SLR 8 Women's - 2017,Road Bikes
Surly Steamroller - 2017,Road Bikes
Surly Ogre Frameset - 2017,Road Bikes
Trek Domane SL Disc Frameset - 2017,Road Bikes
Trek Domane S 6 - 2017,Road Bikes
Trek Domane SLR 6 Disc - 2017,Road Bikes
Trek Emonda S 5 - 2017,Road Bikes
Trek Madone 9.2 - 2017,Road Bikes
Trek Domane S 5 Disc - 2017,Road Bikes
Sun Bicycles ElectroLite - 2017,Electric Bikes
Trek Powerfly 8 FS Plus - 2017,Electric Bikes
Trek Boone 7 - 2017,Cyclocross Bicycles
Trek Boone Race Shop Limited - 2017,Cyclocross Bicycles
Electra Townie Original 7D - 2017,Cruisers Bicycles
Sun Bicycles Lil Bolt Type-R - 2017,Cruisers Bicycles
Sun Bicycles Revolutions 24 - 2017,Cruisers Bicycles
Sun Bicycles Revolutions 24 - Girl's - 2017,Cruisers Bicycles
Sun Bicycles Cruz 3 - 2017,Cruisers Bicycles
Sun Bicycles Cruz 7 - 2017,Cruisers Bicycles
Electra Amsterdam Original 3i - 2015/2017,Cruisers Bicycles
Sun Bicycles Atlas X-Type - 2017,Cruisers Bicycles
Sun Bicycles Biscayne Tandem 7 - 2017,Cruisers Bicycles
Sun Bicycles Brickell Tandem 7 - 2017,Cruisers Bicycles
Electra Cruiser Lux 1 - 2017,Cruisers Bicycles
Electra Cruiser Lux Fat Tire 1 Ladies - 2017,Cruisers Bicycles
"Electra Girl's Hawaii 1 16"" - 2017",Cruisers Bicycles
Electra Glam Punk 3i Ladies' - 2017,Cruisers Bicycles
Sun Bicycles Biscayne Tandem CB - 2017,Cruisers Bicycles
Sun Bicycles Boardwalk (24-inch Wheels) - 2017,Cruisers Bicycles
Sun Bicycles Brickell Tandem CB - 2017,Cruisers Bicycles
Electra Amsterdam Fashion 7i Ladies' - 2017,Cruisers Bicycles
Electra Amsterdam Original 3i Ladies' - 2017,Cruisers Bicycles
Trek Boy's Kickster - 2015/2017,Children Bicycles
Sun Bicycles Lil Kitt'n - 2017,Children Bicycles
Haro Downtown 16 - 2017,Children Bicycles
Trek Girl's Kickster - 2017,Children Bicycles
Trek Precaliber 12 Boys - 2017,Children Bicycles
Trek Precaliber 12 Girls - 2017,Children Bicycles
Trek Precaliber 16 Boys - 2017,Children Bicycles
Trek Precaliber 16 Girls - 2017,Children Bicycles
Trek Precaliber 24 (21-Speed) - Girls - 2017,Children Bicycles
Haro Shredder 20 - 2017,Children Bicycles
Haro Shredder 20 Girls - 2017,Children Bicycles
Haro Shredder Pro 20 - 2017,Children Bicycles
"Electra Girl's Hawaii 1 16"" - 2017",Children Bicycles
Electra Moto 3i (20-inch) - Boy's - 2017,Children Bicycles
Electra Savannah 3i (20-inch) - Girl's - 2017,Children Bicycles
Electra Straight 8 3i (20-inch) - Boy's - 2017,Children Bicycles
Electra Sugar Skulls 1 (20-inch) - Girl's - 2017,Children Bicycles
Electra Townie 3i EQ (20-inch) - Boys' - 2017,Children Bicycles
Electra Townie 7D (20-inch) - Boys' - 2017,Children Bicycles
Electra Townie Original 7D - 2017,Comfort Bicycles
Sun Bicycles Streamway 3 - 2017,Comfort Bicycles
Sun Bicycles Streamway - 2017,Comfort Bicycles
Sun Bicycles Streamway 7 - 2017,Comfort Bicycles
Sun Bicycles Cruz 3 - 2017,Comfort Bicycles
Sun Bicycles Cruz 7 - 2017,Comfort Bicycles
Sun Bicycles Cruz 3 - Women's - 2017,Comfort Bicycles
Sun Bicycles Cruz 7 - Women's - 2017,Comfort Bicycles
Sun Bicycles Drifter 7 - 2017,Comfort Bicycles
Sun Bicycles Drifter 7 - Women's - 2017,Comfort Bicycles
Trek 820 - 2018,Mountain Bikes
Trek Marlin 5 - 2018,Mountain Bikes
Trek Marlin 6 - 2018,Mountain Bikes
Trek Fuel EX 8 29 - 2018,Mountain Bikes
Trek Marlin 7 - 2017/2018,Mountain Bikes
Trek Ticket S Frame - 2018,Mountain Bikes
Trek X-Caliber 8 - 2018,Mountain Bikes
Trek Kids' Neko - 2018,Mountain Bikes
Trek Fuel EX 7 29 - 2018,Mountain Bikes
Surly Krampus Frameset - 2018,Mountain Bikes
Surly Troll Frameset - 2018,Mountain Bikes
Trek Farley Carbon Frameset - 2018,Mountain Bikes
Surly Krampus - 2018,Mountain Bikes
Trek Kids' Dual Sport - 2018,Mountain Bikes
Surly Big Fat Dummy Frameset - 2018,Mountain Bikes
Surly Pack Rat Frameset - 2018,Mountain Bikes
Surly ECR 27.5 - 2018,Mountain Bikes
Trek X-Caliber 7 - 2018,Mountain Bikes
Trek Stache Carbon Frameset - 2018,Mountain Bikes
Heller Bloodhound Trail - 2018,Mountain Bikes
Trek Procal AL Frameset - 2018,Mountain Bikes
Trek Procaliber Frameset - 2018,Mountain Bikes
Trek Remedy 27.5 C Frameset - 2018,Mountain Bikes
Trek X-Caliber Frameset - 2018,Mountain Bikes
Trek Procaliber 6 - 2018,Mountain Bikes
Heller Shagamaw GX1 - 2018,Mountain Bikes
Trek Fuel EX 5 Plus - 2018,Mountain Bikes
Trek Remedy 7 27.5 - 2018,Mountain Bikes
Trek Remedy 9.8 27.5 - 2018,Mountain Bikes
Trek Stache 5 - 2018,Mountain Bikes
Trek Fuel EX 8 29 XT - 2018,Mountain Bikes
Trek Domane ALR 3 - 2018,Road Bikes
Trek Domane ALR 4 Disc - 2018,Road Bikes
Trek Domane ALR 5 Disc - 2018,Road Bikes
Trek Domane SLR 6 - 2018,Road Bikes
Trek Domane ALR 5 Gravel - 2018,Road Bikes
Trek Domane SL 8 Disc - 2018,Road Bikes
Trek Domane SLR 8 Disc - 2018,Road Bikes
Trek Emonda SL 7 - 2018,Road Bikes
Trek Domane ALR 4 Disc Women's - 2018,Road Bikes
Trek Domane SL 5 Disc Women's - 2018,Road Bikes
Trek Domane SL 7 Women's - 2018,Road Bikes
Trek Domane SLR 6 Disc Women's - 2018,Road Bikes
Trek Domane SLR 9 Disc - 2018,Road Bikes
Trek Domane SL Frameset - 2018,Road Bikes
Trek Domane SL Frameset Women's - 2018,Road Bikes
Trek CrossRip 1 - 2018,Road Bikes
Trek Emonda ALR 6 - 2018,Road Bikes
Trek Emonda SLR 6 - 2018,Road Bikes
Surly ECR - 2018,Road Bikes
Trek Emonda SL 6 Disc - 2018,Road Bikes
Surly Pack Rat - 2018,Road Bikes
Surly Straggler 650b - 2018,Road Bikes
Trek 1120 - 2018,Road Bikes
Trek Domane AL 2 Women's - 2018,Road Bikes
Surly ECR Frameset - 2018,Road Bikes
Surly Straggler - 2018,Road Bikes
Trek Emonda SLR 8 - 2018,Road Bikes
Trek CrossRip 2 - 2018,Road Bikes
Trek Domane SL 6 - 2018,Road Bikes
Trek Domane ALR Disc Frameset - 2018,Road Bikes
Trek Domane ALR Frameset - 2018,Road Bikes
Trek Domane SLR Disc Frameset - 2018,Road Bikes
Trek Domane SLR Frameset - 2018,Road Bikes
Trek Madone 9 Frameset - 2018,Road Bikes
Trek Domane SLR 6 Disc - 2018,Road Bikes
Trek Domane AL 2 - 2018,Road Bikes
Trek Domane AL 3 - 2018,Road Bikes
Trek Domane AL 3 Women's - 2018,Road Bikes
Trek Domane SL 5 - 2018,Road Bikes
Trek Domane SL 5 Disc - 2018,Road Bikes
Trek Domane SL 5 Women's - 2018,Road Bikes
Trek Domane SL 6 Disc - 2018,Road Bikes
Trek Conduit+ - 2018,Electric Bikes
Trek CrossRip+ - 2018,Electric Bikes
Trek Neko+ - 2018,Electric Bikes
Trek XM700+ Lowstep - 2018,Electric Bikes
Trek Lift+ Lowstep - 2018,Electric Bikes
Trek Dual Sport+ - 2018,Electric Bikes
Electra Loft Go! 8i - 2018,Electric Bikes
Electra Townie Go! 8i - 2017/2018,Electric Bikes
Trek Lift+ - 2018,Electric Bikes
Trek XM700+ - 2018,Electric Bikes
Electra Townie Go! 8i Ladies' - 2018,Electric Bikes
Trek Verve+ - 2018,Electric Bikes
Trek Verve+ Lowstep - 2018,Electric Bikes
Electra Townie Commute Go! - 2018,Electric Bikes
Electra Townie Commute Go! Ladies' - 2018,Electric Bikes
Trek Powerfly 5 - 2018,Electric Bikes
Trek Powerfly 5 FS - 2018,Electric Bikes
Trek Powerfly 5 Women's - 2018,Electric Bikes
Trek Powerfly 7 FS - 2018,Electric Bikes
Trek Super Commuter+ 7 - 2018,Electric Bikes
Trek Super Commuter+ 8S - 2018,Electric Bikes
Trek Boone 5 Disc - 2018,Cyclocross Bicycles
Trek Boone 7 Disc - 2018,Cyclocross Bicycles
Trek Crockett 5 Disc - 2018,Cyclocross Bicycles
Trek Crockett 7 Disc - 2018,Cyclocross Bicycles
Surly Straggler - 2018,Cyclocross Bicycles
Surly Straggler 650b - 2018,Cyclocross Bicycles
Electra Townie Original 21D - 2018,Cruisers Bicycles
Electra Cruiser 1 - 2016/2017/2018,Cruisers Bicycles
Electra Tiger Shark 3i - 2018,Cruisers Bicycles
Electra Queen of Hearts 3i - 2018,Cruisers Bicycles
Electra Super Moto 8i - 2018,Cruisers Bicycles
Electra Straight 8 3i - 2018,Cruisers Bicycles
Electra Cruiser 7D - 2016/2017/2018,Cruisers Bicycles
Electra Moto 3i - 2018,Cruisers Bicycles
Electra Cruiser 1 Ladies' - 2018,Cruisers Bicycles
Electra Cruiser 7D Ladies' - 2016/2018,Cruisers Bicycles
Electra Cruiser 1 Tall - 2016/2018,Cruisers Bicycles
Electra Cruiser Lux 3i - 2018,Cruisers Bicycles
Electra Cruiser Lux 7D - 2018,Cruisers Bicycles
Electra Delivery 3i - 2016/2017/2018,Cruisers Bicycles
Electra Townie Original 21D EQ - 2017/2018,Cruisers Bicycles
Electra Cruiser 7D (24-Inch) Ladies' - 2016/2018,Cruisers Bicycles
Electra Cruiser 7D Tall - 2016/2018,Cruisers Bicycles
Electra Cruiser Lux 1 - 2016/2018,Cruisers Bicycles
Electra Cruiser Lux 1 Ladies' - 2018,Cruisers Bicycles
Electra Cruiser Lux 3i Ladies' - 2018,Cruisers Bicycles
Electra Cruiser Lux 7D Ladies' - 2018,Cruisers Bicycles
Electra Cruiser Lux Fat Tire 7D - 2018,Cruisers Bicycles
Electra Daydreamer 3i Ladies' - 2018,Cruisers Bicycles
Electra Koa 3i Ladies' - 2018,Cruisers Bicycles
Electra Morningstar 3i Ladies' - 2018,Cruisers Bicycles
Electra Relic 3i - 2018,Cruisers Bicycles
Electra Townie Balloon 8D EQ - 2016/2017/2018,Cruisers Bicycles
Electra Townie Balloon 8D EQ Ladies' - 2016/2017/2018,Cruisers Bicycles
Electra Townie Commute 27D Ladies - 2018,Cruisers Bicycles
Electra Townie Commute 8D - 2018,Cruisers Bicycles
Electra Townie Commute 8D Ladies' - 2018,Cruisers Bicycles
Electra Townie Original 21D EQ Ladies' - 2018,Cruisers Bicycles
Electra Townie Original 21D Ladies' - 2018,Cruisers Bicycles
Electra Townie Original 3i EQ - 2017/2018,Cruisers Bicycles
Electra Townie Original 3i EQ Ladies' - 2018,Cruisers Bicycles
Electra Townie Original 7D EQ - 2018,Cruisers Bicycles
Electra Townie Original 7D EQ Ladies' - 2017/2018,Cruisers Bicycles
Electra White Water 3i - 2018,Cruisers Bicycles
Electra Townie Go! 8i - 2017/2018,Cruisers Bicycles
Electra Townie Commute Go! - 2018,Cruisers Bicycles
Electra Townie Commute Go! Ladies' - 2018,Cruisers Bicycles
Electra Townie Go! 8i Ladies' - 2018,Cruisers Bicycles
Electra Townie Balloon 3i EQ - 2017/2018,Cruisers Bicycles
Electra Townie Balloon 7i EQ Ladies' - 2017/2018,Cruisers Bicycles
Electra Townie Commute 27D - 2018,Cruisers Bicycles
Electra Amsterdam Fashion 3i Ladies' - 2017/2018,Cruisers Bicycles
Electra Amsterdam Royal 8i - 2017/2018,Cruisers Bicycles
Electra Amsterdam Royal 8i Ladies - 2018,Cruisers Bicycles
Electra Townie Balloon 3i EQ Ladies' - 2018,Cruisers Bicycles
Electra Townie Balloon 7i EQ - 2018,Cruisers Bicycles
Trek MT 201 - 2018,Children Bicycles
Strider Classic 12 Balance Bike - 2018,Children Bicycles
Strider Sport 16 - 2018,Children Bicycles
Strider Strider 20 Sport - 2018,Children Bicycles
Trek Superfly 20 - 2018,Children Bicycles
Trek Precaliber 12 Girl's - 2018,Children Bicycles
Trek Kickster - 2018,Children Bicycles
Trek Precaliber 12 Boy's - 2018,Children Bicycles
Trek Precaliber 16 Boy's - 2018,Children Bicycles
Trek Precaliber 16 Girl's - 2018,Children Bicycles
Trek Precaliber 20 6-speed Boy's - 2018,Children Bicycles
Trek Precaliber 20 6-speed Girl's - 2018,Children Bicycles
Trek Precaliber 20 Boy's - 2018,Children Bicycles
Trek Precaliber 20 Girl's - 2018,Children Bicycles
Trek Precaliber 24 (7-Speed) - Boys - 2018,Children Bicycles
Trek Precaliber 24 21-speed Boy's - 2018,Children Bicycles
Trek Precaliber 24 21-speed Girl's - 2018,Children Bicycles
Trek Precaliber 24 7-speed Girl's - 2018,Children Bicycles
Trek Superfly 24 - 2017/2018,Children Bicycles
Electra Cruiser 7D (24-Inch) Ladies' - 2016/2018,Children Bicycles
Electra Cyclosaurus 1 (16-inch) - Boy's - 2018,Children Bicycles
Electra Heartchya 1 (20-inch) - Girl's - 2018,Children Bicycles
Electra Savannah 1 (20-inch) - Girl's - 2018,Children Bicycles
Electra Soft Serve 1 (16-inch) - Girl's - 2018,Children Bicycles
"Electra Starship 1 16"" - 2018",Children Bicycles
Electra Straight 8 1 (16-inch) - Boy's - 2018,Children Bicycles
Electra Straight 8 1 (20-inch) - Boy's - 2018,Children Bicycles
"Electra Superbolt 1 20"" - 2018",Children Bicycles
"Electra Superbolt 3i 20"" - 2018",Children Bicycles
Electra Sweet Ride 1 (20-inch) - Girl's - 2018,Children Bicycles
Electra Sweet Ride 3i (20-inch) - Girls' - 2018,Children Bicycles
Electra Tiger Shark 1 (20-inch) - Boys' - 2018,Children Bicycles
Electra Tiger Shark 3i (20-inch) - Boys' - 2018,Children Bicycles
"Electra Treasure 1 20"" - 2018",Children Bicycles
"Electra Treasure 3i 20"" - 2018",Children Bicycles
"Electra Under-The-Sea 1 16"" - 2018",Children Bicycles
Electra Water Lily 1 (16-inch) - Girl's - 2018,Children Bicycles
Electra Townie Original 21D - 2018,Comfort Bicycles
Electra Townie Balloon 3i EQ Ladies' - 2018,Comfort Bicycles
Electra Townie Balloon 7i EQ - 2018,Comfort Bicycles
Electra Townie Original 1 - 2018,Comfort Bicycles
Electra Townie Go! 8i - 2017/2018,Comfort Bicycles
Electra Townie Original 21D EQ - 2017/2018,Comfort Bicycles
Electra Townie Balloon 3i EQ - 2017/2018,Comfort Bicycles
Electra Townie Balloon 7i EQ Ladies' - 2017/2018,Comfort Bicycles
Electra Townie Balloon 8D EQ - 2016/2017/2018,Comfort Bicycles
Electra Townie Balloon 8D EQ Ladies' - 2016/2017/2018,Comfort Bicycles
Electra Townie Commute 27D - 2018,Comfort Bicycles
Electra Townie Commute 27D Ladies - 2018,Comfort Bicycles
Electra Townie Commute 8D - 2018,Comfort Bicycles
Electra Townie Commute 8D Ladies' - 2018,Comfort Bicycles
Electra Townie Original 1 Ladies' - 2018,Comfort Bicycles
Electra Townie Original 21D EQ Ladies' - 2018,Comfort Bicycles
Electra Townie Original 21D Ladies' - 2018,Comfort Bicycles
Trek Checkpoint ALR 4 Women's - 2019,Road Bikes
Trek Checkpoint ALR 5 - 2019,Road Bikes
Trek Checkpoint ALR 5 Women's - 2019,Road Bikes
Trek Checkpoint SL 5 Women's - 2019,Road Bikes
Trek Checkpoint SL 6 - 2019,Road Bikes
Trek Checkpoint ALR Frameset - 2019,Road Bikes
